coverage,n_patients,n_neg,n_pos,AUC
0.509090909090909,28,1,27,0.0
0.5454545454545454,30,1,29,0.0
0.6,33,1,32,0.0
0.6545454545454545,36,1,35,0.0
0.6909090909090909,38,1,37,0.0
0.7454545454545455,41,1,40,0.0
0.8,44,1,43,0.0
0.8545454545454545,47,3,44,0.5454545454545454
0.9090909090909091,50,3,47,0.5106382978723405
0.9454545454545454,52,3,49,0.49659863945578236
1.0,55,3,52,0.46794871794871795
