model,n_patients,n_pos,n_neg,AUC,AUC_CI_lo,AUC_CI_hi,PR_AUC,PR_AUC_CI_lo,PR_AUC_CI_hi,Sensitivity,Sens_CI_lo,Sens_CI_hi,Specificity,Spec_CI_lo,Spec_CI_hi,PPV,NPV,Accuracy,F1,Brier_raw,Brier_cal,TP,TN,FP,FN
RF,55,52,3,0.5448717948717948,0.26282051282051283,0.8591346153846146,0.9629943207612157,0.9341952668092738,0.9916284450843275,0.4230769230769231,0.28727760575688366,0.567952795996458,1.0,0.2924017738212866,1.0,1.0,0.09090909090909091,0.45454545454545453,0.5945945945945946,0.059452512929642404,0.05753093226335703,22,3,0,30
XGB,55,52,3,0.657051282051282,0.3589743589743589,0.9424679487179478,0.9726286039382908,0.9454358895821453,0.9968543216665747,0.6923076923076923,0.5489760177833685,0.8128266308002206,1.0,0.2924017738212866,1.0,1.0,0.15789473684210525,0.7090909090909091,0.8181818181818182,0.10695058614767204,0.05750278404647609,36,3,0,16
CNN,55,52,3,0.46794871794871795,0.0,0.826923076923077,0.9186360397406523,0.8489693900484157,0.989859556526252,0.8461538461538461,0.7191889159367086,0.9311607656216909,0.0,0.0,0.7075982261787133,0.9361702127659575,0.0,0.8,0.8888888888888888,0.13068171693284045,0.1250388044510587,44,0,3,8
